"match_id","batting","bowling","winner","dl","target","head_to_head","home_ground_advantage","batting_team_points","bowling_team_points","chase_win_perc","chase_win_perc_bat","defense_win_perc_bowl","first_inng_avg"
1,10,11,0,0,207,0.411764705882353,-1,0,0,0.0357142857142857,0.516129032258065,0.446601941747573,156.589285714286
3,6,3,1,0,183,1,-1,0,0,0.1,0.610526315789474,0.0714285714285714,168.9
4,4,9,1,0,163,0.833333333333333,0,0,2,0.444444444444444,0.511904761904762,0.314285714285714,163.444444444444
7,7,6,1,0,178,0.785714285714286,1,0,2,0.575342465753425,0.6,0.414634146341463,167.876712328767
9,9,2,0,0,205,0.4,1,2,0,0.238095238095238,0.4,0.368421052631579,170.952380952381
10,7,11,1,0,158,0.545454545454545,1,2,4,0.575342465753425,0.6,0.446601941747573,167.876712328767
11,6,4,1,0,170,0.705882352941177,1,2,4,0.584415584415584,0.610526315789474,0.417582417582418,161.623376623377
12,7,10,1,0,142,0.666666666666667,-1,4,0,0.114285714285714,0.6,0.419753086419753,170.114285714286
13,3,9,1,0,171,1,1,0,2,0.3,0.75,0.314285714285714,168.9
14,11,6,0,0,172,0.357142857142857,-1,4,4,0.025974025974026,0.506493506493506,0.414634146341463,161.623376623377
15,4,2,0,0,188,0.818181818181818,-1,4,2,0.0757575757575758,0.511904761904762,0.368421052631579,166.060606060606
16,7,3,1,0,176,1,1,6,2,0.575342465753425,0.6,0.0714285714285714,167.876712328767
17,10,9,0,0,161,0.5,1,0,2,0.471428571428571,0.516129032258065,0.314285714285714,170.114285714286
19,4,11,0,0,159,0.4375,-1,4,4,0.0714285714285714,0.511904761904762,0.446601941747573,156.589285714286
20,3,10,0,0,213,0.5,1,2,0,0.3,0.75,0.419753086419753,168.9
21,2,11,0,0,191,0.615384615384615,-1,4,6,0.0714285714285714,0.494736842105263,0.446601941747573,156.589285714286
23,3,6,1,0,187,1,-1,2,8,0.025974025974026,0.75,0.414634146341463,161.623376623377
24,2,7,0,0,142,0.411764705882353,-1,4,10,0.0410958904109589,0.494736842105263,0.585858585858586,167.876712328767
25,9,11,1,0,176,0.375,1,4,8,0.238095238095238,0.4,0.446601941747573,170.952380952381
27,10,6,0,0,131,0.5625,-1,2,8,0.051948051948052,0.516129032258065,0.414634146341463,161.623376623377
29,6,9,1,0,182,0.8,-1,10,8,0.142857142857143,0.610526315789474,0.314285714285714,170.952380952381
30,3,10,1,0,134,0.5,-1,4,2,0.0142857142857143,0.75,0.419753086419753,170.114285714286
31,6,2,1,0,160,0.7,1,12,4,0.584415584415584,0.610526315789474,0.368421052631579,161.623376623377
32,4,11,0,0,207,0.4375,1,6,8,0.5,0.511904761904762,0.446601941747573,169.714285714286
34,7,3,1,0,153,1,-1,12,6,0.1,0.6,0.0714285714285714,168.9
35,4,2,1,0,67,0.818181818181818,1,6,4,0.5,0.511904761904762,0.368421052631579,169.714285714286
36,6,11,0,0,209,0.666666666666667,-1,14,10,0.0892857142857143,0.610526315789474,0.446601941747573,156.589285714286
37,7,10,1,0,162,0.666666666666667,1,13,2,0.575342465753425,0.6,0.419753086419753,167.876712328767
41,2,3,1,0,208,0.75,1,6,7,0.409090909090909,0.494736842105263,0.0714285714285714,166.060606060606
42,10,4,0,0,138,0.6,1,2,8,0.471428571428571,0.516129032258065,0.417582417582418,170.114285714286
43,11,9,0,0,148,0.5,1,12,14,0.5,0.506493506493506,0.314285714285714,156.589285714286
45,6,10,1,0,158,0.875,-1,14,2,0.1,0.610526315789474,0.419753086419753,170.114285714286
46,3,4,1,0,189,0.5,-1,7,10,0.142857142857143,0.75,0.417582417582418,169.714285714286
47,11,7,1,0,138,0.416666666666667,1,12,17,0.5,0.506493506493506,0.585858585858586,156.589285714286
48,6,4,0,0,167,0.705882352941177,-1,16,10,0.0714285714285714,0.610526315789474,0.417582417582418,169.714285714286
49,2,3,1,0,195,0.75,-1,8,9,0.25,0.494736842105263,0.0714285714285714,161.25
51,9,2,0,0,168,0.4,-1,16,10,0.0303030303030303,0.4,0.368421052631579,166.060606060606
53,6,7,0,0,173,0.272727272727273,1,16,17,0.584415584415584,0.610526315789474,0.585858585858586,161.623376623377
54,9,4,1,0,73,1,1,16,14,0.238095238095238,0.4,0.417582417582418,170.952380952381
55,2,10,0,0,161,0.444444444444444,1,12,2,0.409090909090909,0.494736842105263,0.419753086419753,166.060606060606
56,7,9,0,0,162,0.5,1,19,18,0.575342465753425,0.6,0.314285714285714,167.876712328767
57,6,11,1,1,128,0.666666666666667,0,16,16,0.1,0.610526315789474,0.446601941747573,170.114285714286
58,7,6,1,0,107,0.785714285714286,0,19,18,0.114285714285714,0.6,0.414634146341463,170.114285714286
60,10,6,0,0,222,0.5625,1,0,0,0.471428571428571,0.516129032258065,0.414634146341463,170.114285714286
61,4,1,0,0,240,0.363636363636364,1,0,0,0.514285714285714,0.511904761904762,0.568181818181818,163.285714285714
62,2,8,1,0,129,0.5,1,0,0,0.409090909090909,0.494736842105263,0.432835820895522,166.060606060606
63,10,7,1,0,165,0.333333333333333,-1,0,0,0.0410958904109589,0.516129032258065,0.585858585858586,167.876712328767
64,6,11,1,0,110,0.666666666666667,1,2,0,0.584415584415584,0.610526315789474,0.446601941747573,161.623376623377
66,2,11,1,0,142,0.615384615384615,-1,2,0,0.0714285714285714,0.494736842105263,0.446601941747573,156.589285714286
67,7,1,0,0,208,0.583333333333333,-1,0,2,0.0612244897959184,0.6,0.568181818181818,166.857142857143
68,8,11,1,0,214,0.6875,-1,2,0,0.0357142857142857,0.597402597402597,0.446601941747573,156.589285714286
69,7,4,0,0,182,0.533333333333333,-1,0,0,0.0857142857142857,0.6,0.417582417582418,163.285714285714
70,8,10,1,0,135,0.666666666666667,-1,4,2,0.0571428571428571,0.597402597402597,0.419753086419753,170.114285714286
71,1,6,1,0,147,1,1,4,4,0.693877551020408,0.648648648648649,0.414634146341463,166.857142857143
72,11,7,1,0,154,0.416666666666667,-1,0,0,0.117647058823529,0.506493506493506,0.585858585858586,146.647058823529
73,4,2,1,0,158,0.818181818181818,1,2,4,0.514285714285714,0.511904761904762,0.368421052631579,163.285714285714
75,7,6,1,0,137,0.785714285714286,-1,0,4,0.12987012987013,0.6,0.414634146341463,161.623376623377
80,10,11,1,0,165,0.411764705882353,-1,6,4,0.0357142857142857,0.516129032258065,0.446601941747573,156.589285714286
81,6,4,0,0,178,0.705882352941177,-1,4,6,0.0571428571428571,0.610526315789474,0.417582417582418,163.285714285714
82,2,7,0,0,162,0.411764705882353,-1,8,2,0.0588235294117647,0.494736842105263,0.585858585858586,146.647058823529
83,8,1,1,0,109,0.454545454545455,1,8,8,0.680851063829787,0.597402597402597,0.568181818181818,159.872340425532
84,4,10,1,0,126,0.538461538461538,-1,8,4,0.0714285714285714,0.511904761904762,0.419753086419753,170.114285714286
85,11,1,1,0,144,0.384615384615385,-1,2,8,0.0408163265306122,0.506493506493506,0.568181818181818,166.857142857143
86,7,8,1,0,103,0.666666666666667,1,4,10,0.294117647058824,0.6,0.432835820895522,146.647058823529
87,1,2,1,0,187,0.75,-1,8,8,0.0757575757575758,0.648648648648649,0.368421052631579,166.060606060606
88,10,6,0,0,129,0.5625,-1,4,4,0.051948051948052,0.516129032258065,0.414634146341463,161.623376623377
91,4,1,0,0,181,0.363636363636364,-1,10,10,0.0408163265306122,0.511904761904762,0.568181818181818,166.857142857143
92,11,6,0,0,204,0.357142857142857,1,4,6,0.5,0.506493506493506,0.414634146341463,156.589285714286
93,8,2,1,0,156,0.6,1,12,8,0.680851063829787,0.597402597402597,0.368421052631579,159.872340425532
95,2,6,0,0,133,0.5,-1,8,8,0.025974025974026,0.494736842105263,0.414634146341463,161.623376623377
96,7,1,1,0,156,0.583333333333333,1,6,12,0.575342465753425,0.6,0.568181818181818,167.876712328767
97,8,4,0,0,221,0.4,-1,22,18,0.0857142857142857,0.597402597402597,0.417582417582418,163.285714285714
98,11,2,0,0,194,0.636363636363636,-1,4,8,0.106060606060606,0.506493506493506,0.368421052631579,166.060606060606
99,7,6,1,0,67,0.785714285714286,1,8,10,0.575342465753425,0.6,0.414634146341463,167.876712328767
100,4,2,1,1,118,0.818181818181818,-1,12,10,0.0757575757575758,0.511904761904762,0.368421052631579,166.060606060606
102,11,7,0,0,178,0.416666666666667,1,4,10,0.5,0.506493506493506,0.585858585858586,156.589285714286
103,1,6,1,1,149,1,-1,12,10,0.0649350649350649,0.648648648648649,0.414634146341463,161.623376623377
104,2,10,1,0,154,0.444444444444444,-1,10,4,0.0428571428571429,0.494736842105263,0.419753086419753,170.114285714286
105,8,6,1,0,147,0.666666666666667,-1,16,10,0.025974025974026,0.597402597402597,0.414634146341463,161.623376623377
106,7,4,0,0,189,0.533333333333333,1,12,14,0.575342465753425,0.6,0.417582417582418,167.876712328767
107,1,10,0,0,126,0.692307692307692,1,14,4,0.693877551020408,0.648648648648649,0.419753086419753,166.857142857143
108,4,11,1,0,175,0.4375,1,16,4,0.514285714285714,0.511904761904762,0.446601941747573,163.285714285714
109,2,7,1,0,176,0.411764705882353,1,12,12,0.409090909090909,0.494736842105263,0.585858585858586,166.060606060606
111,11,10,0,0,156,0.5,-1,2,2,0.0428571428571429,0.506493506493506,0.419753086419753,170.114285714286
112,6,4,1,0,174,0.705882352941177,1,10,18,0.584415584415584,0.610526315789474,0.417582417582418,161.623376623377
113,8,7,1,0,145,0.571428571428571,1,20,12,0.680851063829787,0.597402597402597,0.585858585858586,159.872340425532
114,1,11,1,0,147,0.777777777777778,-1,14,4,0.0535714285714286,0.648648648648649,0.446601941747573,156.589285714286
115,2,8,0,0,192,0.5,0,14,22,0.0410958904109589,0.494736842105263,0.432835820895522,167.876712328767
116,1,4,1,0,112,0.5,0,16,20,0.0958904109589041,0.648648648648649,0.417582417582418,167.876712328767
117,8,1,1,0,163,0.454545454545455,0,24,18,0.0588235294117647,0.597402597402597,0.568181818181818,146.647058823529
118,1,7,0,0,165,0.333333333333333,0,0,0,0,0.648648648648649,0.585858585858586,139.428571428571
120,2,4,1,1,104,0.615384615384615,0,0,0,0.142857142857143,0.494736842105263,0.417582417582418,139.428571428571
123,6,4,1,1,158,0.705882352941177,0,0,0,0.133333333333333,0.610526315789474,0.417582417582418,152
125,1,2,0,0,189,0.75,0,2,2,0.0666666666666667,0.648648648648649,0.368421052631579,152
126,6,8,0,0,150,0.529411764705882,0,2,0,0,0.610526315789474,0.432835820895522,139.428571428571
127,4,10,1,0,168,0.538461538461538,0,0,2,0.133333333333333,0.511904761904762,0.419753086419753,152
128,7,11,0,0,168,0.545454545454545,0,2,4,0,0.6,0.446601941747573,152
129,2,10,1,0,149,0.444444444444444,0,4,2,0.142857142857143,0.494736842105263,0.419753086419753,159
130,8,4,0,0,139,0.4,0,1,2,0.142857142857143,0.597402597402597,0.417582417582418,139.428571428571
131,11,1,1,0,165,0.384615384615385,0,6,2,0.133333333333333,0.506493506493506,0.568181818181818,152
134,10,6,1,0,139,0.5625,0,2,3,0.2,0.516129032258065,0.414634146341463,152
135,7,4,0,0,119,0.533333333333333,0,4,4,0,0.6,0.417582417582418,152
136,2,11,1,0,148,0.615384615384615,0,6,8,0.166666666666667,0.494736842105263,0.446601941747573,154.833333333333
137,8,1,0,0,164,0.454545454545455,0,3,2,0.166666666666667,0.597402597402597,0.568181818181818,154.833333333333
138,6,7,0,0,148,0.272727272727273,0,3,4,0,0.610526315789474,0.585858585858586,147.333333333333
139,4,10,0,0,145,0.538461538461538,0,6,4,0.133333333333333,0.511904761904762,0.419753086419753,152
140,8,11,1,0,141,0.6875,0,3,8,0.142857142857143,0.597402597402597,0.446601941747573,159
141,2,1,0,0,163,0.307692307692308,0,8,4,0.125,0.494736842105263,0.568181818181818,144
143,10,7,1,0,149,0.333333333333333,0,6,6,0.375,0.516129032258065,0.585858585858586,144
144,11,1,0,0,178,0.384615384615385,0,8,6,0,0.506493506493506,0.568181818181818,147.333333333333
145,4,8,0,0,211,0.333333333333333,0,8,5,0.133333333333333,0.511904761904762,0.432835820895522,152
146,2,6,1,0,154,0.5,0,8,3,0.2,0.494736842105263,0.414634146341463,152
147,7,11,0,0,145,0.545454545454545,0,6,8,0.0833333333333333,0.6,0.446601941747573,154.833333333333
148,8,10,1,0,105,0.666666666666667,0,7,8,0.166666666666667,0.597402597402597,0.419753086419753,154.833333333333
149,4,1,0,1,185,0.363636363636364,0,8,8,0,0.511904761904762,0.568181818181818,154.833333333333
151,4,11,1,0,168,0.4375,0,8,10,0.333333333333333,0.511904761904762,0.446601941747573,158
152,1,8,1,0,140,0.777777777777778,0,10,9,0.333333333333333,0.648648648648649,0.432835820895522,158
153,10,7,0,0,157,0.333333333333333,0,8,6,0,0.516129032258065,0.585858585858586,159
155,8,11,0,0,166,0.6875,0,9,10,0,0.597402597402597,0.446601941747573,158
156,10,6,1,0,173,0.5625,0,8,3,0.166666666666667,0.516129032258065,0.414634146341463,154.833333333333
157,7,4,1,0,119,0.533333333333333,0,8,10,0.0833333333333333,0.6,0.417582417582418,154.833333333333
159,10,1,1,0,129,0.4,0,10,12,0.2,0.516129032258065,0.568181818181818,152
160,7,8,0,0,145,0.666666666666667,0,10,9,0,0.6,0.432835820895522,152
161,4,2,1,0,120,0.818181818181818,0,10,16,0.5,0.511904761904762,0.368421052631579,135
162,1,7,1,0,147,0.333333333333333,0,12,10,0.285714285714286,0.648648648648649,0.585858585858586,159
163,11,6,1,0,160,0.357142857142857,0,12,3,0.25,0.506493506493506,0.414634146341463,144
164,11,4,0,0,134,0.5,0,14,12,0.25,0.506493506493506,0.417582417582418,144
166,6,1,1,0,188,0.583333333333333,0,3,14,0.0833333333333333,0.610526315789474,0.568181818181818,154.833333333333
168,6,8,1,0,101,0.529411764705882,0,5,11,0.133333333333333,0.610526315789474,0.432835820895522,152
170,2,7,1,0,165,0.411764705882353,0,18,10,0.166666666666667,0.494736842105263,0.585858585858586,154.833333333333
172,11,2,1,0,153,0.636363636363636,0,14,20,0.166666666666667,0.506493506493506,0.368421052631579,154.833333333333
173,10,1,1,0,146,0.4,0,16,16,0.375,0.516129032258065,0.568181818181818,144
174,10,11,0,0,143,0.411764705882353,0,18,16,0.375,0.516129032258065,0.446601941747573,144
175,11,6,0,0,161,0.357142857142857,0,0,0,0.117647058823529,0.506493506493506,0.414634146341463,146.647058823529
176,8,7,0,0,212,0.571428571428571,-1,0,0,0.181818181818182,0.597402597402597,0.585858585858586,180.363636363636
177,2,4,1,0,142,0.615384615384615,-1,0,0,0.0285714285714286,0.494736842105263,0.417582417582418,163.285714285714
178,6,10,1,0,135,0.875,1,2,0,0.584415584415584,0.610526315789474,0.419753086419753,161.623376623377
179,1,11,0,0,190,0.777777777777778,1,0,0,0.693877551020408,0.648648648648649,0.446601941747573,166.857142857143
180,2,8,1,0,141,0.5,0,2,0,0.0833333333333333,0.494736842105263,0.432835820895522,163.166666666667
181,10,4,1,0,203,0.6,1,0,0,0.471428571428571,0.516129032258065,0.417582417582418,170.114285714286
182,6,1,0,0,164,0.583333333333333,1,4,0,0.584415584415584,0.610526315789474,0.568181818181818,161.623376623377
183,2,7,0,0,218,0.411764705882353,1,4,2,0.409090909090909,0.494736842105263,0.585858585858586,166.060606060606
184,10,8,1,0,92,0.555555555555556,1,2,0,0.471428571428571,0.516129032258065,0.432835820895522,170.114285714286
186,4,11,0,0,170,0.4375,0,0,2,0.142857142857143,0.511904761904762,0.446601941747573,167.714285714286
187,6,8,0,0,168,0.529411764705882,0,4,0,0,0.610526315789474,0.432835820895522,163.166666666667
188,10,7,1,0,151,0.333333333333333,-1,4,4,0.0909090909090909,0.516129032258065,0.585858585858586,180.363636363636
189,2,11,0,0,171,0.615384615384615,0,4,4,0,0.494736842105263,0.446601941747573,167.714285714286
191,7,6,1,0,155,0.785714285714286,1,4,4,0.545454545454545,0.6,0.414634146341463,180.363636363636
192,1,10,0,0,171,0.692307692307692,-1,5,6,0.0714285714285714,0.648648648648649,0.419753086419753,170.114285714286
193,4,8,0,0,183,0.333333333333333,1,1,2,0.514285714285714,0.511904761904762,0.432835820895522,163.285714285714
194,7,1,1,0,180,0.583333333333333,1,6,5,0.545454545454545,0.6,0.568181818181818,180.363636363636
195,8,11,1,0,148,0.6875,0,4,6,0.583333333333333,0.597402597402597,0.446601941747573,163.166666666667
197,10,2,0,0,183,0.666666666666667,1,8,4,0.471428571428571,0.516129032258065,0.368421052631579,170.114285714286
199,11,7,0,0,172,0.416666666666667,-1,6,8,0.117647058823529,0.506493506493506,0.585858585858586,146.647058823529
200,6,2,0,0,177,0.7,-1,6,6,0.0757575757575758,0.610526315789474,0.368421052631579,166.060606060606
201,7,4,1,0,163,0.533333333333333,1,10,1,0.545454545454545,0.6,0.417582417582418,180.363636363636
202,1,10,1,0,161,0.692307692307692,1,5,8,0.693877551020408,0.648648648648649,0.419753086419753,166.857142857143
203,8,2,0,0,188,0.6,-1,8,8,0.0606060606060606,0.597402597402597,0.368421052631579,166.060606060606
204,11,6,0,0,181,0.357142857142857,-1,6,6,0.025974025974026,0.506493506493506,0.414634146341463,161.623376623377
205,10,4,1,0,181,0.6,-1,8,1,0.0571428571428571,0.516129032258065,0.417582417582418,163.285714285714
206,8,1,0,0,246,0.454545454545455,-1,8,7,0.0204081632653061,0.597402597402597,0.568181818181818,166.857142857143
207,11,7,0,0,178,0.416666666666667,-1,6,12,0.0909090909090909,0.506493506493506,0.585858585858586,180.363636363636
208,4,6,1,0,200,0.375,-1,1,8,0.038961038961039,0.511904761904762,0.414634146341463,161.623376623377
211,7,1,0,0,165,0.583333333333333,-1,14,9,0.0612244897959184,0.6,0.568181818181818,166.857142857143
212,8,4,1,0,153,0.4,1,10,3,0.680851063829787,0.597402597402597,0.417582417582418,159.872340425532
213,2,6,0,0,181,0.5,-1,12,8,0.025974025974026,0.494736842105263,0.414634146341463,161.623376623377
214,11,10,1,0,184,0.5,-1,6,10,0.0428571428571429,0.506493506493506,0.419753086419753,170.114285714286
215,4,7,1,0,154,0.444444444444444,1,3,14,0.514285714285714,0.511904761904762,0.585858585858586,163.285714285714
216,11,1,1,0,138,0.384615384615385,0,8,11,0.666666666666667,0.506493506493506,0.568181818181818,149.333333333333
217,10,6,1,0,160,0.5625,1,10,10,0.471428571428571,0.516129032258065,0.414634146341463,170.114285714286
218,4,2,1,0,111,0.818181818181818,-1,5,12,0.0757575757575758,0.511904761904762,0.368421052631579,166.060606060606
222,1,6,1,0,139,1,1,11,10,0.693877551020408,0.648648648648649,0.414634146341463,166.857142857143
223,10,8,1,0,130,0.555555555555556,-1,12,12,0.0638297872340425,0.516129032258065,0.432835820895522,159.872340425532
224,2,1,1,0,112,0.307692307692308,-1,12,13,0.0408163265306122,0.494736842105263,0.568181818181818,166.857142857143
225,11,4,1,0,174,0.5,0,12,7,0.222222222222222,0.506493506493506,0.417582417582418,175.666666666667
226,10,7,0,0,191,0.333333333333333,1,14,18,0.471428571428571,0.516129032258065,0.585858585858586,170.114285714286
227,6,8,1,0,132,0.529411764705882,1,10,12,0.584415584415584,0.610526315789474,0.432835820895522,161.623376623377
228,1,4,1,0,192,0.5,0,13,7,0.111111111111111,0.648648648648649,0.417582417582418,175.666666666667
229,2,11,0,0,145,0.615384615384615,1,14,14,0.409090909090909,0.494736842105263,0.446601941747573,166.060606060606
230,6,7,1,0,133,0.272727272727273,1,12,20,0.584415584415584,0.610526315789474,0.585858585858586,161.623376623377
232,11,1,0,0,142,0.384615384615385,0,16,15,0.117647058823529,0.506493506493506,0.568181818181818,146.647058823529
234,7,1,0,0,168,0.583333333333333,1,22,17,0.294117647058824,0.6,0.568181818181818,146.647058823529
235,6,1,0,0,153,0.583333333333333,-1,0,0,0.0408163265306122,0.610526315789474,0.568181818181818,166.857142857143
236,8,11,1,0,137,0.6875,-1,0,0,0.0357142857142857,0.597402597402597,0.446601941747573,156.589285714286
237,10,5,1,0,161,1,-1,0,0,0.2,0.516129032258065,0.285714285714286,146.8
239,9,4,1,0,112,1,0,0,0,0.117647058823529,0.4,0.417582417582418,146.647058823529
240,11,6,0,0,163,0.357142857142857,-1,0,0,0.025974025974026,0.506493506493506,0.414634146341463,161.623376623377
241,8,2,1,0,151,0.6,1,2,0,0.680851063829787,0.597402597402597,0.368421052631579,159.872340425532
242,7,10,1,0,140,0.666666666666667,-1,2,2,0.114285714285714,0.6,0.419753086419753,170.114285714286
243,4,1,1,0,188,0.363636363636364,1,0,2,0.514285714285714,0.511904761904762,0.568181818181818,163.285714285714
244,9,5,1,0,148,1,0,2,0,0.117647058823529,0.4,0.285714285714286,146.647058823529
245,10,11,0,0,175,0.411764705882353,-1,2,0,0.0357142857142857,0.516129032258065,0.446601941747573,156.589285714286
246,6,8,1,0,159,0.529411764705882,-1,2,4,0.0638297872340425,0.610526315789474,0.432835820895522,159.872340425532
247,5,7,1,0,182,1,-1,0,4,0.0136986301369863,0.571428571428571,0.585858585858586,167.876712328767
249,4,11,1,0,165,0.4375,-1,2,2,0.0714285714285714,0.511904761904762,0.446601941747573,156.589285714286
251,6,8,1,0,81,0.529411764705882,1,4,4,0.584415584415584,0.610526315789474,0.432835820895522,161.623376623377
252,5,1,1,1,131,0.5,1,2,4,0.4,0.571428571428571,0.568181818181818,146.8
253,2,11,0,0,168,0.615384615384615,1,2,2,0.409090909090909,0.494736842105263,0.446601941747573,166.060606060606
254,7,9,1,0,118,0.5,1,4,4,0.575342465753425,0.6,0.314285714285714,167.876712328767
257,1,7,0,0,164,0.333333333333333,-1,4,6,0.0958904109589041,0.648648648648649,0.585858585858586,167.876712328767
258,10,6,1,0,171,0.5625,-1,2,6,0.051948051948052,0.516129032258065,0.414634146341463,161.623376623377
260,11,7,0,0,172,0.416666666666667,1,4,8,0.5,0.506493506493506,0.585858585858586,156.589285714286
261,8,5,1,0,109,1,1,4,6,0.680851063829787,0.597402597402597,0.285714285714286,159.872340425532
263,10,2,1,0,160,0.666666666666667,-1,4,4,0.0909090909090909,0.516129032258065,0.368421052631579,166.060606060606
264,1,9,1,0,141,0.5,0,6,4,0.176470588235294,0.648648648648649,0.314285714285714,146.647058823529
265,5,11,0,0,129,NA,1,6,4,0.4,0.571428571428571,0.446601941747573,146.8
266,2,6,0,0,148,0.5,1,4,6,0.409090909090909,0.494736842105263,0.414634146341463,166.060606060606
267,8,7,1,0,94,0.571428571428571,1,6,10,0.680851063829787,0.597402597402597,0.585858585858586,159.872340425532
268,9,10,0,0,181,NA,-1,4,6,0.0142857142857143,0.4,0.419753086419753,170.114285714286
269,5,2,0,0,157,0.5,1,6,4,0.4,0.571428571428571,0.368421052631579,146.8
271,8,9,1,0,143,1,1,8,4,0.680851063829787,0.597402597402597,0.314285714285714,159.872340425532
272,11,1,0,0,165,0.384615384615385,-1,6,8,0.0408163265306122,0.506493506493506,0.568181818181818,166.857142857143
274,5,2,1,0,140,0.5,-1,6,6,0.0151515151515152,0.571428571428571,0.368421052631579,166.060606060606
275,11,6,0,0,169,0.357142857142857,1,6,10,0.5,0.506493506493506,0.414634146341463,156.589285714286
276,1,8,1,0,147,0.777777777777778,1,10,10,0.693877551020408,0.648648648648649,0.432835820895522,166.857142857143
277,9,7,0,0,160,0.333333333333333,-1,4,12,0.117647058823529,0.4,0.585858585858586,146.647058823529
279,2,11,1,0,175,0.615384615384615,-1,6,6,0.0714285714285714,0.494736842105263,0.446601941747573,156.589285714286
281,6,1,1,1,114,0.583333333333333,1,12,12,0.584415584415584,0.610526315789474,0.568181818181818,161.623376623377
282,2,7,0,0,178,0.411764705882353,-1,8,14,0.0410958904109589,0.494736842105263,0.585858585858586,167.876712328767
284,9,4,1,0,119,1,-1,4,6,0.0285714285714286,0.4,0.417582417582418,163.285714285714
285,8,1,0,0,196,0.454545454545455,1,10,12,0.680851063829787,0.597402597402597,0.568181818181818,159.872340425532
286,9,11,1,0,136,0.375,-1,6,6,0.0535714285714286,0.4,0.446601941747573,156.589285714286
287,7,4,0,0,163,0.533333333333333,-1,16,6,0.0857142857142857,0.6,0.417582417582418,163.285714285714
288,10,8,1,0,146,0.555555555555556,-1,12,10,0.0638297872340425,0.516129032258065,0.432835820895522,159.872340425532
289,2,1,0,0,176,0.307692307692308,-1,8,14,0.0408163265306122,0.494736842105263,0.568181818181818,166.857142857143
290,4,5,1,0,178,1,0,8,10,0.444444444444444,0.511904761904762,0.285714285714286,163.444444444444
291,10,6,1,1,89,0.5625,1,14,14,0.471428571428571,0.516129032258065,0.414634146341463,170.114285714286
292,7,11,0,0,135,0.545454545454545,1,16,6,0.575342465753425,0.6,0.446601941747573,167.876712328767
293,2,4,0,0,170,0.615384615384615,0,8,10,0.111111111111111,0.494736842105263,0.417582417582418,175.666666666667
295,11,9,1,0,136,0.5,0,8,8,0.117647058823529,0.506493506493506,0.314285714285714,146.647058823529
296,10,4,0,0,232,0.6,0,16,12,0,0.516129032258065,0.417582417582418,175.666666666667
297,5,1,0,0,152,0.5,-1,12,16,0,0.571428571428571,0.568181818181818,166.857142857143
298,6,9,1,0,118,0.8,0,14,8,0.117647058823529,0.610526315789474,0.314285714285714,146.647058823529
299,8,7,1,0,133,0.571428571428571,-1,10,16,0.0547945205479452,0.597402597402597,0.585858585858586,167.876712328767
300,4,11,0,0,198,0.4375,0,14,10,0.555555555555556,0.511904761904762,0.446601941747573,175.666666666667
302,10,1,1,0,128,0.4,1,16,18,0.471428571428571,0.516129032258065,0.568181818181818,170.114285714286
304,1,10,1,0,175,0.692307692307692,0,18,18,0.0958904109589041,0.648648648648649,0.419753086419753,167.876712328767
306,7,10,0,0,185,0.666666666666667,0,20,18,0.0612244897959184,0.6,0.419753086419753,166.857142857143
307,10,1,0,0,205,0.4,-1,20,20,0.0408163265306122,0.516129032258065,0.568181818181818,166.857142857143
308,7,1,1,0,112,0.583333333333333,-1,0,0,0.0612244897959184,0.6,0.568181818181818,166.857142857143
309,2,6,1,0,97,0.5,-1,0,0,0.025974025974026,0.494736842105263,0.414634146341463,161.623376623377
311,4,8,0,0,191,0.333333333333333,-1,0,0,0.0212765957446809,0.511904761904762,0.432835820895522,159.872340425532
312,2,10,0,0,157,0.444444444444444,-1,2,0,0.0428571428571429,0.494736842105263,0.419753086419753,170.114285714286
313,11,1,0,0,193,0.384615384615385,0,0,0,0.272727272727273,0.506493506493506,0.568181818181818,158
314,6,8,0,0,164,0.529411764705882,-1,0,2,0.0638297872340425,0.610526315789474,0.432835820895522,159.872340425532
315,4,9,0,0,166,0.833333333333333,-1,0,2,0.0588235294117647,0.511904761904762,0.314285714285714,147.647058823529
317,10,6,0,0,165,0.5625,1,2,0,0.471428571428571,0.516129032258065,0.414634146341463,170.114285714286
318,2,1,1,0,110,0.307692307692308,1,2,2,0.409090909090909,0.494736842105263,0.568181818181818,166.060606060606
319,8,7,0,0,197,0.571428571428571,-1,4,4,0.0547945205479452,0.597402597402597,0.585858585858586,167.876712328767
320,1,10,1,0,205,0.692307692307692,1,2,2,0.693877551020408,0.648648648648649,0.419753086419753,166.857142857143
321,4,9,1,0,115,0.833333333333333,1,0,4,0.514285714285714,0.511904761904762,0.314285714285714,163.285714285714
322,6,8,1,0,131,0.529411764705882,1,2,4,0.584415584415584,0.610526315789474,0.432835820895522,161.623376623377
325,6,4,0,0,134,0.705882352941177,1,4,2,0.584415584415584,0.610526315789474,0.417582417582418,161.623376623377
326,10,8,0,0,195,0.555555555555556,1,2,4,0.471428571428571,0.516129032258065,0.432835820895522,170.114285714286
328,8,11,1,0,196,0.6875,1,6,0,0.680851063829787,0.597402597402597,0.446601941747573,159.872340425532
329,10,9,1,0,182,0.5,1,2,6,0.471428571428571,0.516129032258065,0.314285714285714,170.114285714286
330,6,4,1,0,124,0.705882352941177,-1,4,4,0.0571428571428571,0.610526315789474,0.417582417582418,163.285714285714
331,2,11,1,0,187,0.615384615384615,-1,16,4,0.0714285714285714,0.494736842105263,0.446601941747573,156.589285714286
332,9,1,0,0,164,0.25,-1,6,4,0.0204081632653061,0.4,0.568181818181818,166.857142857143
333,10,4,1,0,163,0.6,-1,4,4,0.0571428571428571,0.516129032258065,0.417582417582418,163.285714285714
335,2,9,0,0,192,0.5,1,8,6,0.409090909090909,0.494736842105263,0.314285714285714,166.060606060606
336,4,7,1,0,163,0.444444444444444,-1,4,6,0.0684931506849315,0.511904761904762,0.585858585858586,167.876712328767
338,8,10,0,0,189,0.666666666666667,1,8,6,0.680851063829787,0.597402597402597,0.419753086419753,159.872340425532
339,2,9,1,0,146,0.5,-1,8,8,0.0588235294117647,0.494736842105263,0.314285714285714,147.647058823529
340,7,4,1,0,168,0.533333333333333,-1,6,6,0.0857142857142857,0.6,0.417582417582418,163.285714285714
341,9,11,0,0,177,0.375,1,8,0,0.235294117647059,0.4,0.446601941747573,147.647058823529
342,7,2,0,0,207,0.285714285714286,-1,8,10,0.0454545454545455,0.6,0.368421052631579,166.060606060606
343,1,4,0,0,156,0.5,1,8,6,0.693877551020408,0.648648648648649,0.417582417582418,166.857142857143
344,10,6,0,0,190,0.5625,-1,8,8,0.051948051948052,0.516129032258065,0.414634146341463,161.623376623377
345,8,2,0,0,152,0.6,-1,8,12,0.0606060606060606,0.597402597402597,0.368421052631579,166.060606060606
346,7,11,1,0,100,0.545454545454545,1,8,2,0.575342465753425,0.6,0.446601941747573,167.876712328767
347,6,1,1,0,139,0.583333333333333,-1,10,8,0.0408163265306122,0.610526315789474,0.568181818181818,166.857142857143
348,9,11,0,0,186,0.375,0,8,2,0,0.4,0.446601941747573,167.714285714286
349,2,8,1,0,141,0.5,-1,14,8,0.0425531914893617,0.494736842105263,0.432835820895522,159.872340425532
350,4,10,1,0,158,0.538461538461538,-1,8,8,0.0714285714285714,0.511904761904762,0.419753086419753,170.114285714286
351,9,7,0,0,120,0.333333333333333,1,8,10,0.235294117647059,0.4,0.585858585858586,147.647058823529
352,11,1,0,0,160,0.384615384615385,-1,4,8,0.0408163265306122,0.506493506493506,0.568181818181818,166.857142857143
353,9,6,0,0,150,0.25,-1,8,12,0.012987012987013,0.4,0.414634146341463,161.623376623377
354,4,8,0,0,177,0.333333333333333,1,10,8,0.514285714285714,0.511904761904762,0.432835820895522,163.285714285714
355,7,1,1,0,173,0.583333333333333,1,12,10,0.575342465753425,0.6,0.568181818181818,167.876712328767
356,10,11,1,0,181,0.411764705882353,1,8,4,0.471428571428571,0.516129032258065,0.446601941747573,170.114285714286
357,6,2,1,0,153,0.7,-1,14,16,0.0757575757575758,0.610526315789474,0.368421052631579,166.060606060606
358,8,9,1,0,125,1,-1,10,8,0.0588235294117647,0.597402597402597,0.314285714285714,147.647058823529
359,11,4,0,0,170,0.5,1,4,10,0.5,0.506493506493506,0.417582417582418,156.589285714286
360,10,7,1,0,141,0.333333333333333,-1,10,14,0.0410958904109589,0.516129032258065,0.585858585858586,167.876712328767
361,1,8,1,0,126,0.777777777777778,-1,10,12,0.0638297872340425,0.648648648648649,0.432835820895522,159.872340425532
362,9,10,0,0,173,NA,1,8,12,0.235294117647059,0.4,0.419753086419753,147.647058823529
363,6,7,0,0,182,0.272727272727273,1,16,14,0.584415584415584,0.610526315789474,0.585858585858586,161.623376623377
364,1,2,1,0,114,0.75,1,12,18,0.693877551020408,0.648648648648649,0.368421052631579,166.857142857143
365,9,8,0,0,170,0.5,-1,8,12,0,0.4,0.432835820895522,159.872340425532
366,4,11,1,0,190,0.4375,1,12,4,0.514285714285714,0.511904761904762,0.446601941747573,163.285714285714
367,7,10,1,0,171,0.666666666666667,-1,16,14,0.114285714285714,0.6,0.419753086419753,170.114285714286
370,7,6,0,0,140,0.785714285714286,1,18,16,0.575342465753425,0.6,0.414634146341463,167.876712328767
372,2,10,0,0,215,0.444444444444444,1,20,14,0.409090909090909,0.494736842105263,0.419753086419753,166.060606060606
373,11,8,1,0,126,0.75,1,4,14,0.5,0.506493506493506,0.432835820895522,156.589285714286
374,2,4,1,0,141,0.615384615384615,0,20,16,0.111111111111111,0.494736842105263,0.417582417582418,175.666666666667
375,9,6,0,0,136,0.25,1,8,18,0.235294117647059,0.4,0.414634146341463,147.647058823529
376,10,11,0,0,132,0.411764705882353,-1,16,6,0.0357142857142857,0.516129032258065,0.446601941747573,156.589285714286
377,7,8,1,0,162,0.666666666666667,-1,18,14,0.0425531914893617,0.6,0.432835820895522,159.872340425532
378,2,6,0,0,162,0.5,0,22,20,0.0588235294117647,0.494736842105263,0.414634146341463,147.647058823529
379,7,1,0,0,187,0.583333333333333,0,20,16,0.114285714285714,0.6,0.568181818181818,170.114285714286
382,6,2,1,0,128,0.7,1,0,0,0.584415584415584,0.610526315789474,0.368421052631579,161.623376623377
383,7,10,0,0,156,0.666666666666667,-1,0,0,0.114285714285714,0.6,0.419753086419753,170.114285714286
384,9,11,0,0,126,0.375,-1,0,0,0.0535714285714286,0.4,0.446601941747573,156.589285714286
385,2,8,0,0,165,0.5,1,0,0,0.409090909090909,0.494736842105263,0.432835820895522,166.060606060606
386,1,7,0,0,148,0.333333333333333,1,0,0,0.693877551020408,0.648648648648649,0.585858585858586,166.857142857143
387,4,9,1,0,99,0.833333333333333,-1,0,0,0.0588235294117647,0.511904761904762,0.314285714285714,147.647058823529
388,11,10,1,0,130,0.5,1,2,2,0.5,0.506493506493506,0.419753086419753,156.589285714286
389,6,8,0,0,144,0.529411764705882,-1,2,2,0.0638297872340425,0.610526315789474,0.432835820895522,159.872340425532
390,2,7,0,0,209,0.411764705882353,-1,0,2,0.0410958904109589,0.494736842105263,0.585858585858586,167.876712328767
391,1,4,1,0,138,0.5,-1,0,2,0.0857142857142857,0.648648648648649,0.417582417582418,163.285714285714
393,9,8,1,0,145,0.5,1,0,4,0.235294117647059,0.4,0.432835820895522,147.647058823529
394,11,2,1,0,114,0.636363636363636,-1,3,0,0.106060606060606,0.506493506493506,0.368421052631579,166.060606060606
395,9,7,0,0,183,0.333333333333333,-1,2,4,0.0547945205479452,0.4,0.585858585858586,167.876712328767
396,1,10,1,0,165,0.692307692307692,1,2,7,0.693877551020408,0.648648648648649,0.419753086419753,166.857142857143
397,11,6,0,0,180,0.357142857142857,-1,5,2,0.025974025974026,0.506493506493506,0.414634146341463,161.623376623377
398,8,4,1,0,124,0.4,1,4,2,0.680851063829787,0.597402597402597,0.417582417582418,159.872340425532
399,1,9,0,0,159,0.5,1,4,2,0.693877551020408,0.648648648648649,0.314285714285714,166.857142857143
400,6,4,0,0,157,0.705882352941177,-1,4,2,0.0571428571428571,0.610526315789474,0.417582417582418,163.285714285714
401,10,2,1,0,152,0.666666666666667,1,7,0,0.471428571428571,0.516129032258065,0.368421052631579,170.114285714286
402,9,11,0,0,119,0.375,1,4,5,0.235294117647059,0.4,0.446601941747573,147.647058823529
404,2,1,0,0,169,0.307692307692308,1,1,4,0.409090909090909,0.494736842105263,0.568181818181818,166.060606060606
405,11,4,1,0,123,0.5,1,7,4,0.5,0.506493506493506,0.417582417582418,156.589285714286
406,1,6,1,0,119,1,-1,6,4,0.0649350649350649,0.648648648648649,0.414634146341463,161.623376623377
407,10,8,1,0,117,0.555555555555556,1,8,8,0.471428571428571,0.516129032258065,0.432835820895522,170.114285714286
408,2,7,1,0,161,0.411764705882353,1,1,6,0.409090909090909,0.494736842105263,0.585858585858586,166.060606060606
409,4,9,1,0,185,0.833333333333333,1,4,4,0.514285714285714,0.511904761904762,0.314285714285714,163.285714285714
410,1,8,1,0,185,0.777777777777778,1,8,8,0.693877551020408,0.648648648648649,0.432835820895522,166.857142857143
412,2,4,0,0,171,0.615384615384615,0,7,12,0.111111111111111,0.494736842105263,0.417582417582418,175.666666666667
413,7,6,1,0,159,0.785714285714286,-1,6,4,0.12987012987013,0.6,0.414634146341463,161.623376623377
414,1,11,1,0,159,0.777777777777778,1,10,9,0.693877551020408,0.648648648648649,0.446601941747573,166.857142857143
415,6,4,1,0,149,0.705882352941177,1,4,8,0.584415584415584,0.610526315789474,0.417582417582418,161.623376623377
416,8,11,1,0,144,0.6875,1,8,9,0.680851063829787,0.597402597402597,0.446601941747573,159.872340425532
418,6,1,0,0,200,0.583333333333333,-1,6,12,0.0408163265306122,0.610526315789474,0.568181818181818,166.857142857143
419,9,2,0,0,164,0.4,-1,4,3,0,0.4,0.368421052631579,146.333333333333
420,8,10,1,0,171,0.666666666666667,1,10,12,0.680851063829787,0.597402597402597,0.419753086419753,159.872340425532
421,4,7,0,0,174,0.444444444444444,-1,8,10,0.0684931506849315,0.511904761904762,0.585858585858586,167.876712328767
422,9,1,0,0,164,0.25,1,4,14,0.235294117647059,0.4,0.568181818181818,147.647058823529
423,11,7,1,0,129,0.416666666666667,1,9,12,0.5,0.506493506493506,0.585858585858586,156.589285714286
424,2,6,1,0,136,0.5,1,5,6,0.666666666666667,0.494736842105263,0.414634146341463,146.333333333333
425,4,1,0,0,186,0.363636363636364,-1,8,16,0.0408163265306122,0.511904761904762,0.568181818181818,166.857142857143
426,9,10,0,0,187,NA,1,4,12,0.235294117647059,0.4,0.419753086419753,147.647058823529
427,6,8,1,0,132,0.529411764705882,1,6,12,0.584415584415584,0.610526315789474,0.432835820895522,161.623376623377
428,11,2,1,0,80,0.636363636363636,1,11,7,0.5,0.506493506493506,0.368421052631579,156.589285714286
429,4,10,1,0,174,0.538461538461538,-1,10,16,0.0714285714285714,0.511904761904762,0.419753086419753,170.114285714286
430,1,7,0,0,139,0.333333333333333,-1,18,12,0.0958904109589041,0.648648648648649,0.585858585858586,167.876712328767
431,8,9,1,0,178,1,1,12,4,0.680851063829787,0.597402597402597,0.314285714285714,159.872340425532
432,10,11,1,0,161,0.411764705882353,1,3,3,0.471428571428571,0.516129032258065,0.446601941747573,170.114285714286
433,8,2,1,0,154,0.6,1,14,7,0.680851063829787,0.597402597402597,0.368421052631579,159.872340425532
435,11,1,0,0,223,0.384615384615385,1,13,18,0.5,0.506493506493506,0.568181818181818,156.589285714286
436,8,4,1,0,145,0.4,-1,16,10,0.0857142857142857,0.597402597402597,0.417582417582418,163.285714285714
437,9,6,0,0,152,0.25,1,4,8,0.235294117647059,0.4,0.414634146341463,147.647058823529
438,2,10,0,0,183,0.444444444444444,1,7,14,0.409090909090909,0.494736842105263,0.419753086419753,166.060606060606
439,7,9,1,0,112,0.5,-1,16,4,0.117647058823529,0.6,0.314285714285714,147.647058823529
440,4,11,0,0,150,0.4375,1,10,13,0.514285714285714,0.511904761904762,0.446601941747573,163.285714285714
442,8,1,1,0,141,0.454545454545455,1,18,20,0.680851063829787,0.597402597402597,0.568181818181818,159.872340425532
443,4,2,1,0,120,0.818181818181818,-1,6,3,0.0757575757575758,0.511904761904762,0.368421052631579,166.060606060606
445,6,9,0,0,170,0.8,0,12,4,0.142857142857143,0.610526315789474,0.314285714285714,149
446,2,1,0,0,168,0.307692307692308,-1,7,20,0.0408163265306122,0.494736842105263,0.568181818181818,166.857142857143
447,8,7,0,0,166,0.571428571428571,-1,20,20,0.0547945205479452,0.597402597402597,0.585858585858586,167.876712328767
449,8,11,0,0,136,0.6875,-1,20,15,0.0357142857142857,0.597402597402597,0.446601941747573,156.589285714286
451,2,9,0,0,172,0.5,-1,7,6,0.0588235294117647,0.494736842105263,0.314285714285714,147.647058823529
452,1,10,0,0,106,0.692307692307692,-1,22,16,0.0714285714285714,0.648648648648649,0.419753086419753,170.114285714286
454,7,1,0,0,192,0.583333333333333,0,22,22,0.0454545454545455,0.6,0.568181818181818,166.060606060606
455,8,11,1,0,132,0.6875,0,20,19,0.0606060606060606,0.597402597402597,0.446601941747573,166.060606060606
456,7,8,1,0,165,0.666666666666667,0,22,22,0.12987012987013,0.6,0.432835820895522,161.623376623377
458,7,6,0,0,163,0.785714285714286,0,0,0,0,0.6,0.414634146341463,147.428571428571
459,10,2,1,0,145,0.666666666666667,0,0,0,0.166666666666667,0.516129032258065,0.368421052631579,158.166666666667
460,4,1,1,0,205,0.363636363636364,0,0,0,0.285714285714286,0.511904761904762,0.568181818181818,147.428571428571
461,8,11,1,0,133,0.6875,0,0,0,0.428571428571429,0.597402597402597,0.446601941747573,147.428571428571
464,4,8,1,0,191,0.333333333333333,0,2,2,0.333333333333333,0.511904761904762,0.432835820895522,158.166666666667
466,11,4,0,0,193,0.5,0,0,4,0,0.506493506493506,0.417582417582418,158.166666666667
468,10,6,0,0,150,0.5625,0,2,2,0.166666666666667,0.516129032258065,0.414634146341463,158.166666666667
471,8,10,1,0,70,0.666666666666667,0,2,2,0.428571428571429,0.597402597402597,0.419753086419753,147.428571428571
472,6,4,0,0,132,0.705882352941177,0,4,6,0.142857142857143,0.610526315789474,0.417582417582418,147.428571428571
473,2,7,1,0,125,0.411764705882353,0,0,0,0.166666666666667,0.494736842105263,0.585858585858586,158.166666666667
474,1,11,1,0,145,0.777777777777778,0,2,0,0.166666666666667,0.648648648648649,0.446601941747573,158.166666666667
476,6,8,0,0,152,0.529411764705882,0,4,4,0.142857142857143,0.610526315789474,0.432835820895522,147.428571428571
478,6,1,0,0,148,0.583333333333333,-1,5,4,0.142857142857143,0.610526315789474,0.568181818181818,149
479,7,4,1,0,168,0.533333333333333,1,0,8,0.575342465753425,0.6,0.417582417582418,167.876712328767
480,8,2,1,0,152,0.6,-1,5,2,0.0606060606060606,0.597402597402597,0.368421052631579,166.060606060606
482,6,8,0,0,170,0.529411764705882,0,5,7,0,0.610526315789474,0.432835820895522,163.166666666667
483,1,2,1,0,178,0.75,-1,6,2,0.0757575757575758,0.648648648648649,0.368421052631579,166.060606060606
485,6,2,1,0,160,0.7,-1,5,2,0.0757575757575758,0.610526315789474,0.368421052631579,166.060606060606
486,1,4,0,0,231,0.5,0,8,8,0,0.648648648648649,0.417582417582418,167.714285714286
487,8,11,0,0,134,0.6875,0,9,0,0.583333333333333,0.597402597402597,0.446601941747573,163.166666666667
488,10,4,0,0,198,0.6,1,4,10,0.471428571428571,0.516129032258065,0.417582417582418,170.114285714286
489,11,2,1,1,143,0.636363636363636,-1,2,2,0.106060606060606,0.506493506493506,0.368421052631579,166.060606060606
490,1,7,1,0,157,0.333333333333333,-1,8,4,0.0958904109589041,0.648648648648649,0.585858585858586,167.876712328767
491,6,4,1,0,149,0.705882352941177,0,7,12,0.428571428571429,0.610526315789474,0.417582417582418,167.714285714286
492,8,10,1,0,190,0.666666666666667,-1,9,4,0.0571428571428571,0.597402597402597,0.419753086419753,170.114285714286
493,7,11,1,0,157,0.545454545454545,-1,4,4,0.0892857142857143,0.6,0.446601941747573,156.589285714286
494,1,8,1,0,148,0.777777777777778,1,10,11,0.428571428571429,0.648648648648649,0.432835820895522,149
496,4,11,1,0,205,0.4375,-1,12,4,0.0714285714285714,0.511904761904762,0.446601941747573,156.589285714286
498,2,8,0,0,201,0.5,0,2,11,0.0833333333333333,0.494736842105263,0.432835820895522,163.166666666667
499,10,1,1,0,138,0.4,-1,6,12,0.142857142857143,0.516129032258065,0.568181818181818,149
501,8,7,0,0,178,0.571428571428571,0,13,6,0.583333333333333,0.597402597402597,0.585858585858586,163.166666666667
502,4,2,1,0,164,0.818181818181818,-1,14,2,0.0757575757575758,0.511904761904762,0.368421052631579,166.060606060606
504,6,1,1,0,154,0.583333333333333,1,13,12,0.584415584415584,0.610526315789474,0.568181818181818,161.623376623377
505,7,4,1,0,156,0.533333333333333,-1,8,16,0.0857142857142857,0.6,0.417582417582418,163.285714285714
506,10,6,0,0,195,0.5625,-1,8,15,0.051948051948052,0.516129032258065,0.414634146341463,161.623376623377
509,8,4,0,0,179,0.4,-1,13,16,0.0857142857142857,0.597402597402597,0.417582417582418,163.285714285714
511,6,11,1,0,160,0.666666666666667,1,17,8,0.584415584415584,0.610526315789474,0.446601941747573,161.623376623377
512,4,2,1,0,115,0.818181818181818,1,18,2,0.514285714285714,0.511904761904762,0.368421052631579,163.285714285714
514,4,6,0,0,163,0.375,-1,20,19,0.038961038961039,0.511904761904762,0.414634146341463,161.623376623377
515,1,7,1,0,173,0.333333333333333,-1,14,14,0.0909090909090909,0.648648648648649,0.585858585858586,180.363636363636
516,1,4,0,0,226,0.5,0,16,20,0.0958904109589041,0.648648648648649,0.417582417582418,167.876712328767
518,6,7,1,0,168,0.272727272727273,1,0,0,0.584415584415584,0.610526315789474,0.585858585858586,161.623376623377
519,2,1,0,0,150,0.307692307692308,-1,0,0,0.0408163265306122,0.494736842105263,0.568181818181818,166.857142857143
520,4,8,0,0,162,0.333333333333333,0,0,0,0,0.511904761904762,0.432835820895522,170.952380952381
522,10,6,1,0,177,0.5625,-1,0,2,0.051948051948052,0.516129032258065,0.414634146341463,161.623376623377
523,8,2,1,0,184,0.6,-1,2,0,0.0606060606060606,0.597402597402597,0.368421052631579,166.060606060606
525,11,10,1,0,166,0.5,-1,0,2,0.0428571428571429,0.506493506493506,0.419753086419753,170.114285714286
526,8,7,1,0,164,0.571428571428571,0,4,0,0.583333333333333,0.597402597402597,0.585858585858586,163.166666666667
527,6,1,1,0,165,0.583333333333333,1,6,12,0.584415584415584,0.610526315789474,0.568181818181818,161.623376623377
529,8,11,1,0,127,0.6875,0,6,2,0.0909090909090909,0.597402597402597,0.446601941747573,158
530,1,7,1,0,183,0.333333333333333,-1,4,0,0.0958904109589041,0.648648648648649,0.585858585858586,167.876712328767
531,11,2,0,0,167,0.636363636363636,0,2,2,0.272727272727273,0.506493506493506,0.368421052631579,158
533,8,1,1,0,156,0.454545454545455,0,8,6,0.583333333333333,0.597402597402597,0.568181818181818,163.166666666667
534,10,7,0,0,209,0.333333333333333,1,2,0,0.471428571428571,0.516129032258065,0.585858585858586,170.114285714286
535,6,2,1,0,146,0.7,-1,4,4,0.0757575757575758,0.610526315789474,0.368421052631579,166.060606060606
537,6,11,0,1,176,0.666666666666667,0,6,2,0,0.610526315789474,0.446601941747573,158
538,10,1,0,0,181,0.4,1,2,6,0.471428571428571,0.516129032258065,0.568181818181818,170.114285714286
539,7,2,0,0,190,0.285714285714286,-1,2,4,0.0454545454545455,0.6,0.368421052631579,166.060606060606
540,10,8,1,0,130,0.555555555555556,0,2,11,0.0833333333333333,0.516129032258065,0.432835820895522,163.166666666667
543,10,2,1,0,95,0.666666666666667,-1,4,6,0.0909090909090909,0.516129032258065,0.368421052631579,166.060606060606
544,4,11,0,0,150,0.4375,1,3,4,0.514285714285714,0.511904761904762,0.446601941747573,163.285714285714
547,6,1,0,0,134,0.583333333333333,-1,6,10,0.0408163265306122,0.610526315789474,0.568181818181818,166.857142857143
548,2,4,1,0,118,0.615384615384615,1,6,3,0.409090909090909,0.494736842105263,0.417582417582418,166.060606060606
549,8,7,0,0,187,0.571428571428571,-1,11,4,0.0547945205479452,0.597402597402597,0.585858585858586,167.876712328767
551,1,11,0,0,192,0.777777777777778,-1,12,6,0.0535714285714286,0.648648648648649,0.446601941747573,156.589285714286
552,4,7,0,0,172,0.444444444444444,1,3,6,0.514285714285714,0.511904761904762,0.585858585858586,163.285714285714
553,2,8,0,0,189,0.5,0,8,11,0,0.494736842105263,0.432835820895522,180.363636363636
554,10,1,0,0,148,0.4,-1,8,12,0.0408163265306122,0.516129032258065,0.568181818181818,166.857142857143
555,11,6,0,0,167,0.357142857142857,-1,8,8,0.025974025974026,0.506493506493506,0.414634146341463,161.623376623377
558,8,11,0,0,201,0.6875,0,13,8,0.181818181818182,0.597402597402597,0.446601941747573,180.363636363636
559,7,1,1,0,158,0.583333333333333,-1,10,14,0.0612244897959184,0.6,0.568181818181818,166.857142857143
560,6,4,1,0,183,0.705882352941177,1,12,3,0.584415584415584,0.610526315789474,0.417582417582418,161.623376623377
561,2,11,0,0,163,0.615384615384615,1,8,10,0.666666666666667,0.494736842105263,0.446601941747573,146.333333333333
563,8,1,0,0,157,0.454545454545455,-1,13,14,0.0204081632653061,0.597402597402597,0.568181818181818,166.857142857143
564,4,11,0,0,185,0.4375,-1,3,12,0.0714285714285714,0.511904761904762,0.446601941747573,156.589285714286
565,2,1,1,0,119,0.307692307692308,1,8,16,0.666666666666667,0.494736842105263,0.568181818181818,146.333333333333
566,10,4,0,0,106,0.6,-1,12,3,0.0571428571428571,0.516129032258065,0.417582417582418,163.285714285714
567,6,7,0,0,171,0.272727272727273,-1,14,12,0.0136986301369863,0.610526315789474,0.585858585858586,167.876712328767
569,1,4,1,0,130,0.5,-1,16,5,0.0857142857142857,0.648648648648649,0.417582417582418,163.285714285714
570,6,8,0,0,199,0.529411764705882,0,14,13,0,0.610526315789474,0.432835820895522,180.363636363636
572,7,11,1,0,113,0.545454545454545,-1,14,14,0.0892857142857143,0.6,0.446601941747573,156.589285714286
573,1,7,0,0,187,0.333333333333333,-1,18,16,0.0958904109589041,0.648648648648649,0.585858585858586,167.876712328767
574,8,10,0,0,180,0.666666666666667,0,15,14,0.0476190476190476,0.597402597402597,0.419753086419753,170.952380952381
576,1,7,0,0,202,0.333333333333333,0,20,18,0.0649350649350649,0.648648648648649,0.585858585858586,161.623376623377
577,9,7,1,0,121,0.333333333333333,-1,0,0,0.0547945205479452,0.4,0.585858585858586,167.876712328767
578,6,2,1,0,98,0.7,1,0,0,0.584415584415584,0.610526315789474,0.368421052631579,161.623376623377
580,11,10,0,0,227,0.5,-1,0,0,0.0428571428571429,0.506493506493506,0.419753086419753,170.114285714286
581,7,6,1,0,187,0.785714285714286,-1,0,2,0.12987012987013,0.6,0.414634146341463,161.623376623377
582,3,9,1,0,163,1,1,2,2,0.3,0.75,0.314285714285714,168.9
583,2,4,1,0,111,0.615384615384615,1,0,0,0.409090909090909,0.494736842105263,0.417582417582418,166.060606060606
584,6,11,1,0,142,0.666666666666667,-1,2,0,0.0892857142857143,0.610526315789474,0.446601941747573,156.589285714286
585,3,7,1,0,143,1,-1,4,2,0.0136986301369863,0.75,0.585858585858586,167.876712328767
587,2,10,1,0,191,0.444444444444444,-1,2,2,0.0428571428571429,0.494736842105263,0.419753086419753,170.114285714286
589,6,4,1,0,138,0.705882352941177,-1,4,2,0.0714285714285714,0.610526315789474,0.417582417582418,169.714285714286
590,7,10,1,0,170,0.666666666666667,1,2,2,0.575342465753425,0.6,0.419753086419753,167.876712328767
592,9,10,0,0,185,NA,1,2,2,0.238095238095238,0.4,0.419753086419753,170.952380952381
594,11,4,1,0,143,0.5,1,4,2,0.5,0.506493506493506,0.417582417582418,156.589285714286
595,3,10,1,0,180,0.5,1,6,4,0.3,0.75,0.419753086419753,168.9
597,4,7,0,0,189,0.444444444444444,1,2,4,0.5,0.511904761904762,0.585858585858586,169.714285714286
598,9,11,1,1,118,0.375,-1,2,6,0.0535714285714286,0.4,0.446601941747573,156.589285714286
600,7,6,1,0,174,0.785714285714286,1,6,8,0.575342465753425,0.6,0.414634146341463,167.876712328767
601,3,9,1,0,195,1,-1,10,4,0.0476190476190476,0.75,0.314285714285714,170.952380952381
602,6,2,0,0,186,0.7,-1,8,6,0.0757575757575758,0.610526315789474,0.368421052631579,166.060606060606
603,10,11,0,0,194,0.411764705882353,-1,4,6,0.0357142857142857,0.516129032258065,0.446601941747573,156.589285714286
604,3,4,0,0,154,0.5,1,12,2,0.3,0.75,0.417582417582418,168.9
606,6,10,1,0,185,0.875,-1,8,4,0.1,0.610526315789474,0.419753086419753,170.114285714286
607,2,3,1,0,149,0.75,-1,8,12,0.1,0.494736842105263,0.0714285714285714,168.9
608,4,6,0,0,164,0.375,-1,4,10,0.038961038961039,0.511904761904762,0.414634146341463,161.623376623377
609,9,2,1,0,162,0.4,-1,4,10,0.0303030303030303,0.4,0.368421052631579,166.060606060606
610,11,3,1,0,126,1,1,8,12,0.5,0.506493506493506,0.0714285714285714,156.589285714286
611,10,9,1,0,191,0.5,1,4,6,0.471428571428571,0.516129032258065,0.314285714285714,170.114285714286
612,2,4,0,0,181,0.615384615384615,-1,10,4,0,0.494736842105263,0.417582417582418,169.714285714286
613,7,11,0,0,177,0.545454545454545,0,10,10,0.181818181818182,0.6,0.446601941747573,158
614,3,6,1,0,158,1,-1,12,12,0.025974025974026,0.75,0.414634146341463,161.623376623377
615,4,10,0,0,175,0.538461538461538,1,6,6,0.5,0.511904761904762,0.419753086419753,169.714285714286
616,9,11,0,0,137,0.375,0,6,12,0.181818181818182,0.4,0.446601941747573,158
617,7,10,1,0,151,0.666666666666667,-1,10,8,0.114285714285714,0.6,0.419753086419753,170.114285714286
619,4,7,1,0,124,0.444444444444444,0,6,12,0.0909090909090909,0.511904761904762,0.585858585858586,158
621,6,9,1,1,103,0.8,1,12,6,0.584415584415584,0.610526315789474,0.314285714285714,161.623376623377
623,2,7,0,0,206,0.411764705882353,0,12,12,0.0909090909090909,0.494736842105263,0.585858585858586,158
624,10,6,1,0,183,0.5625,-1,10,14,0.051948051948052,0.516129032258065,0.414634146341463,161.623376623377
625,9,2,1,1,121,0.4,0,6,12,0.181818181818182,0.4,0.368421052631579,158
626,4,10,0,1,211,0.538461538461538,-1,8,12,0.0714285714285714,0.511904761904762,0.419753086419753,170.114285714286
627,3,6,1,0,124,1,1,14,14,0.5,0.75,0.414634146341463,161.25
628,2,11,1,0,158,0.615384615384615,1,12,16,0.666666666666667,0.494736842105263,0.446601941747573,146.333333333333
629,9,4,1,0,172,1,0,8,8,0.181818181818182,0.4,0.417582417582418,158
630,3,7,1,0,172,1,1,16,14,0.5,0.75,0.585858585858586,161.25
631,11,6,0,0,171,0.357142857142857,-1,16,14,0.025974025974026,0.506493506493506,0.414634146341463,161.623376623377
632,10,2,1,0,138,0.666666666666667,-1,14,14,0.166666666666667,0.516129032258065,0.368421052631579,146.333333333333
633,10,3,1,0,158,1,1,16,18,0.471428571428571,0.516129032258065,0.0714285714285714,170.114285714286
634,6,11,0,0,162,0.666666666666667,0,16,16,0.0757575757575758,0.610526315789474,0.446601941747573,166.060606060606
635,11,3,1,0,162,1,0,18,18,0.106060606060606,0.506493506493506,0.0714285714285714,166.060606060606
636,10,11,0,0,208,0.411764705882353,1,18,20,0.471428571428571,0.516129032258065,0.446601941747573,170.114285714286
7894,1,7,1,0,169,0.333333333333333,-1,0,0,0.0958904109589041,0.648648648648649,0.585858585858586,167.876712328767
7895,4,2,1,0,172,0.818181818181818,1,0,0,0.5,0.511904761904762,0.368421052631579,169.714285714286
7896,6,10,1,0,182,0.875,1,0,0,0.584415584415584,0.610526315789474,0.419753086419753,161.623376623377
7897,11,8,1,0,133,0.75,1,0,0,0.5,0.506493506493506,0.432835820895522,156.589285714286
7899,2,8,0,1,156,0.5,-1,0,0,0.0425531914893617,0.494736842105263,0.432835820895522,159.872340425532
7900,11,7,1,0,155,0.416666666666667,1,2,0,0.5,0.506493506493506,0.585858585858586,156.589285714286
7901,10,4,1,0,161,0.6,0,0,2,0.471428571428571,0.516129032258065,0.417582417582418,170.114285714286
7902,2,7,1,0,204,0.411764705882353,-1,0,0,0.0410958904109589,0.494736842105263,0.585858585858586,167.876712328767
7903,11,6,1,0,145,0.357142857142857,-1,4,2,0.025974025974026,0.506493506493506,0.414634146341463,161.623376623377
7904,10,8,0,0,231,0.555555555555556,0,2,2,0.471428571428571,0.516129032258065,0.432835820895522,170.114285714286
7905,1,4,0,0,198,0.5,-1,4,2,0,0.648648648648649,0.417582417582418,169.714285714286
7908,6,8,1,0,165,0.529411764705882,-1,4,4,0.0638297872340425,0.610526315789474,0.432835820895522,159.872340425532
7909,11,4,0,0,201,0.5,-1,6,4,0.142857142857143,0.506493506493506,0.417582417582418,169.714285714286
7910,8,1,0,0,210,0.454545454545455,0,4,4,0.0476190476190476,0.597402597402597,0.568181818181818,170.952380952381
7911,4,6,1,1,200,0.375,-1,6,6,0.038961038961039,0.511904761904762,0.414634146341463,161.623376623377
7912,10,2,1,0,186,0.666666666666667,0,2,2,0.471428571428571,0.516129032258065,0.368421052631579,170.114285714286
7913,11,1,0,0,186,0.384615384615385,1,6,6,0.5,0.506493506493506,0.568181818181818,156.589285714286
7914,8,7,1,0,172,0.571428571428571,1,4,2,0.680851063829787,0.597402597402597,0.585858585858586,159.872340425532
7915,2,4,0,0,157,0.615384615384615,1,2,8,0.409090909090909,0.494736842105263,0.417582417582418,166.060606060606
7916,7,11,0,0,130,0.545454545454545,1,2,6,0.575342465753425,0.6,0.446601941747573,167.876712328767
7917,1,10,1,0,213,0.692307692307692,0,8,4,0.0714285714285714,0.648648648648649,0.419753086419753,170.114285714286
7920,7,1,1,0,176,0.583333333333333,0,2,10,0.0952380952380952,0.6,0.568181818181818,170.952380952381
7921,8,11,0,0,152,0.6875,1,6,10,0.680851063829787,0.597402597402597,0.446601941747573,159.872340425532
7922,6,10,1,0,185,0.875,0,6,4,0.1,0.610526315789474,0.419753086419753,170.114285714286
7923,2,1,0,0,218,0.307692307692308,0,4,10,0.0952380952380952,0.494736842105263,0.568181818181818,170.952380952381
7924,7,10,0,0,173,0.666666666666667,0,4,4,0.114285714285714,0.6,0.419753086419753,170.114285714286
7925,8,2,0,1,203,0.6,-1,6,4,0.0606060606060606,0.597402597402597,0.368421052631579,166.060606060606
7929,11,2,1,0,166,0.636363636363636,1,12,6,0.5,0.506493506493506,0.368421052631579,156.589285714286
7930,6,7,0,0,187,0.272727272727273,-1,10,6,0.0136986301369863,0.610526315789474,0.585858585858586,167.876712328767
7931,4,8,1,0,160,0.333333333333333,0,10,6,0.444444444444444,0.511904761904762,0.432835820895522,163.444444444444
7932,10,11,0,0,155,0.411764705882353,-1,6,14,0.0357142857142857,0.516129032258065,0.446601941747573,156.589285714286
7933,4,8,0,0,161,0.333333333333333,-1,12,6,0.0212765957446809,0.511904761904762,0.432835820895522,159.872340425532
7934,6,7,0,0,217,0.272727272727273,1,10,8,0.584415584415584,0.610526315789474,0.585858585858586,161.623376623377
7937,4,6,0,0,250,0.375,0,12,10,0.444444444444444,0.511904761904762,0.414634146341463,163.444444444444
7939,1,11,1,0,192,0.777777777777778,0,14,18,0.238095238095238,0.648648648648649,0.446601941747573,170.952380952381
7940,8,7,1,0,177,0.571428571428571,-1,10,10,0.0547945205479452,0.597402597402597,0.585858585858586,167.876712328767
7942,6,8,1,0,144,0.529411764705882,1,12,12,0.584415584415584,0.610526315789474,0.432835820895522,161.623376623377
7943,4,7,0,0,197,0.444444444444444,-1,12,10,0.0684931506849315,0.511904761904762,0.585858585858586,167.876712328767
7944,11,10,0,0,222,0.5,0,18,10,0.0428571428571429,0.506493506493506,0.419753086419753,170.114285714286
7945,1,2,0,0,171,0.75,-1,16,6,0.0757575757575758,0.648648648648649,0.368421052631579,166.060606060606
7946,10,8,0,0,174,0.555555555555556,-1,12,12,0.0638297872340425,0.516129032258065,0.432835820895522,159.872340425532
7947,6,11,1,0,183,0.666666666666667,-1,14,18,0.0892857142857143,0.610526315789474,0.446601941747573,156.589285714286
7949,1,4,1,0,164,0.5,0,16,12,0.238095238095238,0.648648648648649,0.417582417582418,170.952380952381
7950,1,11,1,0,148,0.777777777777778,0,18,18,0.0958904109589041,0.648648648648649,0.446601941747573,167.876712328767
7951,8,6,0,0,179,0.666666666666667,-1,14,16,0.025974025974026,0.597402597402597,0.414634146341463,161.623376623377
7952,6,11,0,0,179,0.666666666666667,1,18,18,0.584415584415584,0.610526315789474,0.446601941747573,161.623376623377
7953,1,11,1,0,186,0.777777777777778,0,20,20,0.0958904109589041,0.648648648648649,0.446601941747573,167.876712328767
11137,1,10,1,0,74,0.692307692307692,1,0,0,0.75,0.648648648648649,0.419753086419753,149.375
11138,6,11,1,0,189,0.666666666666667,1,0,0,0.584415584415584,0.610526315789474,0.446601941747573,161.623376623377
11139,7,2,0,0,219,0.285714285714286,1,0,0,0.575342465753425,0.6,0.368421052631579,167.876712328767
11140,8,4,0,0,200,0.4,1,0,0,0.680851063829787,0.597402597402597,0.417582417582418,159.872340425532
11141,1,2,1,0,154,0.75,-1,2,2,0.142857142857143,0.648648648648649,0.368421052631579,162.857142857143
11142,4,6,0,0,223,0.375,-1,2,2,0.038961038961039,0.511904761904762,0.414634146341463,161.623376623377
11143,10,7,0,0,197,0.333333333333333,0,0,0,0.5,0.516129032258065,0.585858585858586,186.333333333333
11144,11,8,1,0,203,0.75,1,0,0,0.625,0.506493506493506,0.432835820895522,178.625
11145,4,7,1,0,187,0.444444444444444,1,2,2,0.714285714285714,0.511904761904762,0.585858585858586,178.285714285714
11146,2,6,1,0,193,0.5,1,2,4,0.571428571428571,0.494736842105263,0.414634146341463,162.857142857143
11147,10,11,0,0,233,0.411764705882353,-1,0,2,0,0.516129032258065,0.446601941747573,178.625
11148,8,1,0,0,182,0.454545454545455,-1,0,4,0,0.597402597402597,0.568181818181818,149.375
11149,2,4,0,0,175,0.615384615384615,-1,3,4,0,0.494736842105263,0.417582417582418,178.285714285714
11150,8,10,1,0,164,0.666666666666667,1,0,0,0.680851063829787,0.597402597402597,0.419753086419753,159.872340425532
11151,1,7,0,0,176,0.333333333333333,-1,6,2,0.0958904109589041,0.648648648648649,0.585858585858586,167.876712328767
11153,6,10,1,0,210,0.875,0,5,0,0.166666666666667,0.610526315789474,0.419753086419753,186.333333333333
11309,4,1,0,0,165,0.363636363636364,-1,6,6,0,0.511904761904762,0.568181818181818,149.375
11311,2,10,1,0,154,0.444444444444444,0,3,0,0.166666666666667,0.494736842105263,0.419753086419753,186.333333333333
11314,1,6,1,0,114,1,1,8,9,0.75,0.648648648648649,0.414634146341463,149.375
11317,2,6,1,0,183,0.5,-1,5,9,0.025974025974026,0.494736842105263,0.414634146341463,161.623376623377
11320,1,6,1,0,170,1,-1,12,9,0.0649350649350649,0.648648648648649,0.414634146341463,161.623376623377
11321,11,2,0,0,164,0.636363636363636,1,6,7,0.625,0.506493506493506,0.368421052631579,178.625
11322,7,10,1,0,179,0.666666666666667,1,8,2,0.575342465753425,0.6,0.419753086419753,167.876712328767
11323,8,4,0,0,190,0.4,-1,4,8,0,0.597402597402597,0.417582417582418,178.285714285714
11324,11,1,1,0,139,0.384615384615385,1,6,14,0.625,0.506493506493506,0.568181818181818,178.625
11325,2,7,0,0,174,0.411764705882353,1,9,10,0.571428571428571,0.494736842105263,0.585858585858586,162.857142857143
11326,6,10,0,0,219,0.875,1,9,2,0.584415584415584,0.610526315789474,0.419753086419753,161.623376623377
11328,2,4,1,0,168,0.615384615384615,1,9,10,0.571428571428571,0.494736842105263,0.417582417582418,162.857142857143
11329,11,6,1,0,164,0.357142857142857,1,8,9,0.625,0.506493506493506,0.414634146341463,178.625
11330,1,10,0,0,165,0.692307692307692,0,14,4,0,0.648648648648649,0.419753086419753,186.333333333333
11331,2,8,1,0,196,0.5,-1,11,6,0.0425531914893617,0.494736842105263,0.432835820895522,159.872340425532
11332,1,11,1,0,179,0.777777777777778,1,14,10,0.75,0.648648648648649,0.446601941747573,149.375
11333,4,10,0,0,213,0.538461538461538,0,10,6,0,0.511904761904762,0.419753086419753,186.333333333333
11334,8,6,1,0,185,0.666666666666667,-1,6,9,0.025974025974026,0.597402597402597,0.414634146341463,161.623376623377
11335,1,7,0,0,159,0.333333333333333,1,16,12,0.75,0.648648648648649,0.585858585858586,149.375
11336,8,11,1,0,169,0.6875,1,8,10,0.680851063829787,0.597402597402597,0.446601941747573,159.872340425532
11337,10,2,0,0,193,0.666666666666667,-1,8,13,0,0.516129032258065,0.368421052631579,162.857142857143
11338,7,6,0,0,241,0.785714285714286,-1,14,9,0.12987012987013,0.6,0.414634146341463,161.623376623377
11339,4,11,0,0,232,0.4375,-1,10,10,0,0.511904761904762,0.446601941747573,178.625
11341,2,1,0,0,186,0.307692307692308,-1,15,16,0,0.494736842105263,0.568181818181818,149.375
11342,11,7,0,0,170,0.416666666666667,-1,12,14,0.0273972602739726,0.506493506493506,0.585858585858586,167.876712328767
11343,6,4,1,0,186,0.705882352941177,-1,11,10,0.142857142857143,0.610526315789474,0.417582417582418,178.285714285714
11344,2,8,1,0,124,0.5,1,15,10,0.571428571428571,0.494736842105263,0.432835820895522,162.857142857143
11345,10,11,1,0,179,0.411764705882353,0,8,13,0.5,0.516129032258065,0.446601941747573,186.333333333333
11346,4,1,1,0,172,0.363636363636364,1,10,18,0.714285714285714,0.511904761904762,0.568181818181818,178.285714285714
11347,7,6,1,0,143,0.785714285714286,1,15,13,0.575342465753425,0.6,0.414634146341463,167.876712328767
11412,7,1,1,0,136,0.583333333333333,-1,17,18,0.25,0.6,0.568181818181818,149.375
11414,1,2,1,0,155,0.75,0,18,17,1,0.648648648648649,0.368421052631579,155
